{
  "query_count": 10000,
  "latency": {
    "mean_ms": 22.705232751499995,
    "p50_ms": 8.2345245,
    "p90_ms": 8.8767238
  },
  "recall": {
    "1": 0.987,
    "3": 0.9998,
    "5": 0.9998,
    "10": 0.9999
  },
  "mrr": 0.9932333333333334
}