{
  "query_count": 10000,
  "latency": {
    "mean_ms": 3.4455253914,
    "p50_ms": 2.1010530000000003,
    "p90_ms": 5.848753800000012
  },
  "recall": {
    "1": 0.9994,
    "3": 1.0,
    "5": 1.0,
    "10": 1.0
  },
  "precision": {
    "1": 0.9994,
    "3": 0.3333333333333731,
    "5": 0.20000000000003176,
    "10": 0.10000000000001588
  },
  "recall_by_edit_distance": {
    "1": 1.0,
    "2": 1.0,
    "3": 1.0
  }
}