{
  "router": {
    "foreground": {
      "min_coh": 6.879415382299303e-05,
      "max_ent": 0.9996966013350423,
      "min_stab": 0.4787493893502687
    },
    "foreground_percentiles": {
      "coh": 45,
      "ent": 7,
      "stab": 75
    },
    "coverage": 0.026246223564954683,
    "triggers": {
      "min_sig_qgrams": 2,
      "max_ann_dist": 0.2
    }
  }
}