{
  "router": {
    "foreground": {
      "min_coh": 6.879415382299303e-05,
      "max_ent": 0.9995700006503029,
      "min_stab": 0.0
    },
    "foreground_percentiles": {
      "coh": 45,
      "ent": 2,
      "stab": null
    },
    "coverage": 0.020770392749244714,
    "triggers": {
      "min_sig_qgrams": 2,
      "max_ann_dist": 0.2
    }
  }
}