{
  "router": {
    "foreground": {
      "min_coh": 6.879415382299303e-05,
      "max_ent": 0.999667015968799,
      "min_stab": 0.4797264289203713
    },
    "foreground_percentiles": {
      "coh": 45,
      "ent": 5,
      "stab": 80
    },
    "coverage": 0.017182779456193353,
    "triggers": {
      "min_sig_qgrams": 2,
      "max_ann_dist": 0.2
    }
  }
}