{
  "mode": "optimized",
  "coverage": 0.028134441087613295,
  "percentiles": {
    "coherence": {
      "P10": 4.471554225615737e-06,
      "P20": 1.719833342672672e-05,
      "P30": 3.370886210807278e-05,
      "P35": 4.4028006503271655e-05,
      "P40": 5.572309630541561e-05,
      "P50": 8.324120399150203e-05,
      "P60": 0.0001162633951478087,
      "P70": 0.00015478992177264672,
      "P80": 0.00019882107789315207,
      "P90": 0.00027518973903051247
    },
    "entropy": {
      "P10": 0.9997248102609695,
      "P20": 0.9998011789221068,
      "P30": 0.9998452100782274,
      "P35": 0.9998651614008649,
      "P40": 0.9998837366048522,
      "P50": 0.9999167587960085,
      "P60": 0.9999442769036946,
      "P70": 0.9999662911378919,
      "P80": 0.9999828016665733,
      "P90": 0.9999955284457744
    },
    "stability": {
      "P10": 0.4670249145090376,
      "P20": 0.4689789936492428,
      "P30": 0.4699560332193454,
      "P40": 0.47239863214460187,
      "P50": 0.47435271128480705,
      "P60": 0.47581827063996096,
      "P70": 0.47777234978016614,
      "P80": 0.4797264289203713,
      "P90": 0.4816805080605765
    }
  },
  "base": {
    "coverage": 0.02209214501510574,
    "percentiles": {
      "coherence": {
        "P10": 4.471554225615737e-06,
        "P20": 1.719833342672672e-05,
        "P30": 3.370886210807278e-05,
        "P35": 4.4028006503271655e-05,
        "P40": 5.572309630541561e-05,
        "P50": 8.324120399150203e-05,
        "P60": 0.0001162633951478087,
        "P70": 0.00015478992177264672,
        "P80": 0.00019882107789315207,
        "P90": 0.00027518973903051247
      },
      "entropy": {
        "P10": 0.9997248102609695,
        "P20": 0.9998011789221068,
        "P30": 0.9998452100782274,
        "P35": 0.9998651614008649,
        "P40": 0.9998837366048522,
        "P50": 0.9999167587960085,
        "P60": 0.9999442769036946,
        "P70": 0.9999662911378919,
        "P80": 0.9999828016665733,
        "P90": 0.9999955284457744
      },
      "stability": {
        "P10": 0.4670249145090376,
        "P20": 0.4689789936492428,
        "P30": 0.4699560332193454,
        "P40": 0.47239863214460187,
        "P50": 0.47435271128480705,
        "P60": 0.47581827063996096,
        "P70": 0.47777234978016614,
        "P80": 0.4797264289203713,
        "P90": 0.4816805080605765
      }
    },
    "summary": {
      "trace_count": 100,
      "total_windows": 1816,
      "total_alerts": 590,
      "coverage_weighted": 0.3248898678414097,
      "coverage_mean": 0.32654926250220373,
      "coverage_min": 0.16666666666666666,
      "coverage_max": 0.35294117647058826,
      "lead_mean": 1.06,
      "lead_std": 0.9725526134140948,
      "lead_ci95": [
        0.8693796877708375,
        1.2506203122291626
      ],
      "lead_min": 0,
      "lead_max": 5,
      "lead_hits": 100,
      "p_value_mean": 0.539956,
      "p_value_std": 0.15735240602880132,
      "p_value_ci95": [
        0.5091149284183549,
        0.570797071581645
      ],
      "p_value_median": 0.5879333333333333,
      "p_value_min": 0.2926666666666667,
      "p_value_max": 0.8397333333333333,
      "precision_mean": 1.0,
      "precision_std": 0.0,
      "precision_ci95": [
        1.0,
        1.0
      ]
    }
  },
  "metric": {
    "key": "p_value_min",
    "value": 0.2926666666666667,
    "threshold": 0.05
  },
  "optimization": {
    "mode": "optimized",
    "candidates": [
      {
        "label": "base",
        "target": 0.02209214501510574,
        "coverage": 0.3248898678414097,
        "coverage_observed": 0.02209214501510574,
        "p_metric": 0.2926666666666667,
        "lead_mean": 1.06,
        "fails_threshold": true,
        "config_path": "/sep/score/results/logistics_enriched_sweep_native/logistics_cov2250_ent99987_config.json",
        "summary_path": "/sep/score/results/logistics_enriched_sweep_native/logistics_cov2250_ent99987_config.permutation.json"
      },
      {
        "label": "candidate_1",
        "target": 0.012092,
        "coverage": 0.3248898678414097,
        "coverage_observed": 0.008119335347432024,
        "p_metric": 0.2926666666666667,
        "lead_mean": 1.06,
        "fails_threshold": true,
        "config_path": "/sep/score/results/logistics_enriched_sweep_native/logistics_cov2250_ent99987_config.opt1.json",
        "summary_path": "/sep/score/results/logistics_enriched_sweep_native/logistics_cov2250_ent99987_config.permutation_opt1.json"
      },
      {
        "label": "candidate_2",
        "target": 0.017092,
        "coverage": 0.3248898678414097,
        "coverage_observed": 0.013406344410876132,
        "p_metric": 0.2926666666666667,
        "lead_mean": 1.06,
        "fails_threshold": true,
        "config_path": "/sep/score/results/logistics_enriched_sweep_native/logistics_cov2250_ent99987_config.opt2.json",
        "summary_path": "/sep/score/results/logistics_enriched_sweep_native/logistics_cov2250_ent99987_config.permutation_opt2.json"
      },
      {
        "label": "candidate_4",
        "target": 0.027092,
        "coverage": 0.3248898678414097,
        "coverage_observed": 0.023225075528700907,
        "p_metric": 0.2926666666666667,
        "lead_mean": 1.06,
        "fails_threshold": true,
        "config_path": "/sep/score/results/logistics_enriched_sweep_native/logistics_cov2250_ent99987_config.opt4.json",
        "summary_path": "/sep/score/results/logistics_enriched_sweep_native/logistics_cov2250_ent99987_config.permutation_opt4.json"
      },
      {
        "label": "candidate_5",
        "target": 0.032092,
        "coverage": 0.3248898678414097,
        "coverage_observed": 0.028134441087613295,
        "p_metric": 0.2926666666666667,
        "lead_mean": 1.06,
        "fails_threshold": true,
        "config_path": "/sep/score/results/logistics_enriched_sweep_native/logistics_cov2250_ent99987_config.opt5.json",
        "summary_path": "/sep/score/results/logistics_enriched_sweep_native/logistics_cov2250_ent99987_config.permutation_opt5.json"
      }
    ]
  },
  "pvalue_metric": "min",
  "pvalue_threshold": 0.05
}