{
  "checkpoint": "models/reliability_fever_scifact_curriculum.pt",
  "detail_path": "results/eval/fever_dev/eval_detail.jsonl",
  "metrics_key": "fever_val_curriculum",
  "subset_size": 400,
  "summary": {
    "attention": {
      "attention_entropy_mean": 0.5553162057697772,
      "attention_entropy_std": 0.48022193111191935,
      "count": 400.0,
      "max_attention_mean": 0.6583464699052274,
      "max_attention_q90": 1.0,
      "max_attention_std": 0.26068750036004656
    },
    "calibration": {
      "admit_threshold": 0.2,
      "f1": 0.6778523489932886,
      "margin_threshold": -0.5,
      "precision": 0.608433734939759,
      "recall": 0.7651515151515151
    },
    "flat_metrics": {
      "attention_entropy_mean": 0.5553162057697772,
      "attention_entropy_std": 0.48022193111191935,
      "coherence_mean": 0.005445253205202789,
      "coherence_std": 0.004524766869101046,
      "corr_prob_coherence": -0.1542842979788993,
      "corr_prob_entropy": 0.1542842902591729,
      "corr_prob_lambda": 0.2868029810688851,
      "corr_prob_patternability": -0.29440031967977515,
      "corr_prob_rupture": 0.2868029810688851,
      "corr_prob_semantic": -0.4587847382017642,
      "corr_prob_stability": -0.2868029260061797,
      "count": 400.0,
      "entropy_mean": 0.9945547522604465,
      "entropy_std": 0.004524768541678339,
      "lambda_mean": 0.5317256961017847,
      "lambda_std": 0.018962726003194857,
      "max_attention_mean": 0.6583464699052274,
      "max_attention_q90": 1.0,
      "max_attention_std": 0.26068750036004656,
      "mean_probability": 0.2660589340286892,
      "patternability_mean": 0.4595777748525143,
      "patternability_std": 0.002705525520800779,
      "positive_rate": 0.33,
      "prob_std": 0.3231848035243058,
      "rupture_mean": 0.5317256961017847,
      "rupture_std": 0.018962726003194857,
      "semantic_mean": 0.916211531162262,
      "semantic_std": 0.07198324616927153,
      "stability_mean": 0.4682743091136217,
      "stability_std": 0.01896272533095645
    },
    "metrics": {
      "brier": 0.17359482912506707,
      "ece": 0.11678429365580865,
      "f1": 0.5975103734439834,
      "precision": 0.6605504587155964,
      "recall": 0.5454545454545454
    },
    "positive_rate": 0.33,
    "probability_histogram": {
      "density": [
        0.4725,
        0.06,
        0.0225,
        0.03,
        0.035,
        0.0225,
        0.025,
        0.0175,
        0.02,
        0.0225,
        0.0275,
        0.0275,
        0.03,
        0.03,
        0.03,
        0.02,
        0.03,
        0.0225,
        0.04,
        0.015
      ],
      "edges": [
        0.0,
        0.05,
        0.1,
        0.15000000000000002,
        0.2,
        0.25,
        0.30000000000000004,
        0.35000000000000003,
        0.4,
        0.45,
        0.5,
        0.55,
        0.6000000000000001,
        0.65,
        0.7000000000000001,
        0.75,
        0.8,
        0.8500000000000001,
        0.9,
        0.9500000000000001,
        1.0
      ]
    },
    "structural": {
      "coherence": {
        "corr_prob": -0.1542842979788993,
        "mean": 0.005445253205202789,
        "std": 0.004524766869101046
      },
      "entropy": {
        "corr_prob": 0.1542842902591729,
        "mean": 0.9945547522604465,
        "std": 0.004524768541678339
      },
      "lambda": {
        "corr_prob": 0.2868029810688851,
        "mean": 0.5317256961017847,
        "std": 0.018962726003194857
      },
      "patternability": {
        "corr_prob": -0.29440031967977515,
        "mean": 0.4595777748525143,
        "std": 0.002705525520800779
      },
      "rupture": {
        "corr_prob": 0.2868029810688851,
        "mean": 0.5317256961017847,
        "std": 0.018962726003194857
      },
      "semantic": {
        "corr_prob": -0.4587847382017642,
        "mean": 0.916211531162262,
        "std": 0.07198324616927153
      },
      "stability": {
        "corr_prob": -0.2868029260061797,
        "mean": 0.4682743091136217,
        "std": 0.01896272533095645
      }
    }
  }
}