{
  "detail_path": "results/eval/hover_multi_hop_combined/eval_detail.jsonl",
  "splits": {
    "train_index": "data/splits/hover_train_train_ids.txt",
    "val_index": "data/splits/hover_train_val_ids.txt",
    "test_index": "data/splits/hover_dev_test_ids.txt"
  },
  "training": {
    "epochs": 2,
    "batch_size": 32,
    "learning_rate": 5e-5,
    "device": "cuda",
    "max_evidence_len": 256,
    "attention_entropy_weight": 0.001,
    "secondary_docs": 2,
    "sentences_per_doc": 1,
    "checkpoint": "models/reliability_hover_multi_hop.pt",
    "log": "results/experiments/hover_multi_hop_trial.log"
  },
  "validation_metrics": {
    "loss": 0.6600082100276883,
    "admit_loss": 0.6529145408094975,
    "margin_loss": 0.053583811837853046,
    "attention_reg": 1.7352880344056247,
    "precision": 0.6229508196721312,
    "recall": 0.8739650413983441,
    "f1": 0.7274119448698315,
    "brier": 0.23316148514384588,
    "ece": 0.04778472627369596
  },
  "calibration": {
    "admit_threshold": 0.2,
    "margin_threshold": 0.0,
    "precision": 0.5992282249173098,
    "recall": 1.0,
    "f1": 0.7493967597380213,
    "admit_grid": [0.2, 0.35, 0.5],
    "margin_grid": [0.0, 0.2, 0.5]
  },
  "test_metrics": {
    "loss": 0.6749578505694867,
    "admit_loss": 0.6678030371665955,
    "margin_loss": 0.05355061262845993,
    "attention_reg": 1.799752140045166,
    "precision": 0.537890044576523,
    "recall": 0.8598574821852731,
    "f1": 0.6617915904936014,
    "brier": 0.2404791880896833,
    "ece": 0.03716165002435444
  }
}
