{
  "checkpoint": "models/reliability_fever_base.pt",
  "detail_path": "results/eval/hover_dev/eval_detail.jsonl",
  "metrics_key": "hover_val_fever_base",
  "subset_size": 800,
  "summary": {
    "attention": {
      "attention_entropy_mean": 1.4627750681340694,
      "attention_entropy_std": 0.2299683195329734,
      "count": 800.0,
      "max_attention_mean": 0.2382804766856134,
      "max_attention_q90": 0.3334396302700043,
      "max_attention_std": 0.05412178302801503
    },
    "calibration": {
      "admit_threshold": 0.1,
      "f1": 0.0,
      "margin_threshold": -0.5,
      "precision": 0.0,
      "recall": 0.0
    },
    "flat_metrics": {
      "attention_entropy_mean": 1.4627750681340694,
      "attention_entropy_std": 0.2299683195329734,
      "coherence_mean": 0.008869218472682405,
      "coherence_std": 0.002661607298729111,
      "corr_prob_coherence": -0.018413491192884195,
      "corr_prob_entropy": 0.01841323827159277,
      "corr_prob_lambda": -0.02625888128565519,
      "corr_prob_patternability": 0.01213317425662935,
      "corr_prob_rupture": -0.02625888128565519,
      "corr_prob_semantic": 0.4570206779345595,
      "corr_prob_stability": 0.026258808916051587,
      "count": 800.0,
      "entropy_mean": 0.9911307924985886,
      "entropy_std": 0.002661607267908956,
      "lambda_mean": 0.5116773414984346,
      "lambda_std": 0.006581351778554506,
      "max_attention_mean": 0.2382804766856134,
      "max_attention_q90": 0.3334396302700043,
      "max_attention_std": 0.05412178302801503,
      "mean_probability": 0.00013820531328718745,
      "patternability_mean": 0.46266258995980025,
      "patternability_std": 0.00106818522962833,
      "positive_rate": 0.51625,
      "prob_std": 0.0005048583395835658,
      "rupture_mean": 0.5116773414984346,
      "rupture_std": 0.006581351778554506,
      "semantic_mean": 0.6177884042263031,
      "semantic_std": 0.046496024431228036,
      "stability_mean": 0.4883226691558957,
      "stability_std": 0.0065813540989828325
    },
    "metrics": {
      "brier": 0.5161247987869704,
      "ece": 0.5161117946867128,
      "f1": 0.0,
      "precision": 0.0,
      "recall": 0.0
    },
    "positive_rate": 0.51625,
    "probability_histogram": {
      "density": [
        1.0,
        0.0,
        0.0,
        0.0,
        0.0,
        0.0,
        0.0,
        0.0,
        0.0,
        0.0,
        0.0,
        0.0,
        0.0,
        0.0,
        0.0,
        0.0,
        0.0,
        0.0,
        0.0,
        0.0
      ],
      "edges": [
        0.0,
        0.05,
        0.1,
        0.15000000000000002,
        0.2,
        0.25,
        0.30000000000000004,
        0.35000000000000003,
        0.4,
        0.45,
        0.5,
        0.55,
        0.6000000000000001,
        0.65,
        0.7000000000000001,
        0.75,
        0.8,
        0.8500000000000001,
        0.9,
        0.9500000000000001,
        1.0
      ]
    },
    "structural": {
      "coherence": {
        "corr_prob": -0.018413491192884195,
        "mean": 0.008869218472682405,
        "std": 0.002661607298729111
      },
      "entropy": {
        "corr_prob": 0.01841323827159277,
        "mean": 0.9911307924985886,
        "std": 0.002661607267908956
      },
      "lambda": {
        "corr_prob": -0.02625888128565519,
        "mean": 0.5116773414984346,
        "std": 0.006581351778554506
      },
      "patternability": {
        "corr_prob": 0.01213317425662935,
        "mean": 0.46266258995980025,
        "std": 0.00106818522962833
      },
      "rupture": {
        "corr_prob": -0.02625888128565519,
        "mean": 0.5116773414984346,
        "std": 0.006581351778554506
      },
      "semantic": {
        "corr_prob": 0.4570206779345595,
        "mean": 0.6177884042263031,
        "std": 0.046496024431228036
      },
      "stability": {
        "corr_prob": 0.026258808916051587,
        "mean": 0.4883226691558957,
        "std": 0.0065813540989828325
      }
    }
  }
}