{
  "checkpoint": "models/reliability_fever_scifact_curriculum.pt",
  "detail_path": "results/eval/scifact_dev/eval_detail.jsonl",
  "metrics_key": "scifact_val_curriculum",
  "subset_size": 150,
  "summary": {
    "attention": {
      "attention_entropy_mean": 0.6850608340899149,
      "attention_entropy_std": 0.5746331064264518,
      "count": 150.0,
      "max_attention_mean": 0.6145341742038727,
      "max_attention_q90": 1.0,
      "max_attention_std": 0.2975554508362009
    },
    "calibration": {
      "admit_threshold": 0.3,
      "f1": 0.718562874251497,
      "margin_threshold": 1.0,
      "precision": 0.594059405940594,
      "recall": 0.9090909090909091
    },
    "flat_metrics": {
      "attention_entropy_mean": 0.6850608340899149,
      "attention_entropy_std": 0.5746331064264518,
      "coherence_mean": 0.004983331312896553,
      "coherence_std": 0.004564299660154652,
      "corr_prob_coherence": -0.030961875150758753,
      "corr_prob_entropy": 0.030961745454392165,
      "corr_prob_lambda": -0.23736198111130402,
      "corr_prob_patternability": 0.17149410054202277,
      "corr_prob_rupture": -0.23736198111130402,
      "corr_prob_semantic": -0.6203351392944519,
      "corr_prob_stability": 0.2373621374292646,
      "count": 150.0,
      "entropy_mean": 0.9950166706244151,
      "entropy_std": 0.0045643003293135975,
      "lambda_mean": 0.5215002278486888,
      "lambda_std": 0.01126624945892438,
      "max_attention_mean": 0.6145341742038727,
      "max_attention_q90": 1.0,
      "max_attention_std": 0.2975554508362009,
      "mean_probability": 0.7135191534756842,
      "patternability_mean": 0.4607661384344101,
      "patternability_std": 0.001793815047713656,
      "positive_rate": 0.44,
      "prob_std": 0.4256017944754719,
      "rupture_mean": 0.5215002278486888,
      "rupture_std": 0.01126624945892438,
      "semantic_mean": 0.9091723636786143,
      "semantic_std": 0.07956420658410347,
      "stability_mean": 0.4784997765223185,
      "stability_std": 0.011266253230837069
    },
    "metrics": {
      "brier": 0.32874571051250645,
      "ece": 0.33614177070069096,
      "f1": 0.6896551724137931,
      "precision": 0.5555555555555556,
      "recall": 0.9090909090909091
    },
    "positive_rate": 0.44,
    "probability_histogram": {
      "density": [
        0.23333333333333334,
        0.006666666666666667,
        0.006666666666666667,
        0.006666666666666667,
        0.0,
        0.006666666666666667,
        0.0,
        0.02,
        0.0,
        0.0,
        0.0,
        0.013333333333333334,
        0.006666666666666667,
        0.0,
        0.0,
        0.006666666666666667,
        0.0,
        0.013333333333333334,
        0.013333333333333334,
        0.6666666666666666
      ],
      "edges": [
        0.0,
        0.05,
        0.1,
        0.15000000000000002,
        0.2,
        0.25,
        0.30000000000000004,
        0.35000000000000003,
        0.4,
        0.45,
        0.5,
        0.55,
        0.6000000000000001,
        0.65,
        0.7000000000000001,
        0.75,
        0.8,
        0.8500000000000001,
        0.9,
        0.9500000000000001,
        1.0
      ]
    },
    "structural": {
      "coherence": {
        "corr_prob": -0.030961875150758753,
        "mean": 0.004983331312896553,
        "std": 0.004564299660154652
      },
      "entropy": {
        "corr_prob": 0.030961745454392165,
        "mean": 0.9950166706244151,
        "std": 0.0045643003293135975
      },
      "lambda": {
        "corr_prob": -0.23736198111130402,
        "mean": 0.5215002278486888,
        "std": 0.01126624945892438
      },
      "patternability": {
        "corr_prob": 0.17149410054202277,
        "mean": 0.4607661384344101,
        "std": 0.001793815047713656
      },
      "rupture": {
        "corr_prob": -0.23736198111130402,
        "mean": 0.5215002278486888,
        "std": 0.01126624945892438
      },
      "semantic": {
        "corr_prob": -0.6203351392944519,
        "mean": 0.9091723636786143,
        "std": 0.07956420658410347
      },
      "stability": {
        "corr_prob": 0.2373621374292646,
        "mean": 0.4784997765223185,
        "std": 0.011266253230837069
      }
    }
  }
}