{
  "router": {
    "foreground": {
      "min_coh": 0.47168047596233276,
      "max_ent": 0.9191824965568447,
      "min_stab": 0.0
    },
    "foreground_percentiles": {
      "coh": 95,
      "ent": 8,
      "stab": null
    },
    "coverage": 0.008081896551724138,
    "triggers": {
      "min_sig_qgrams": 2,
      "max_ann_dist": 0.2
    }
  }
}