{
  "router": {
    "foreground": {
      "min_coh": 0.43205085052872816,
      "max_ent": 0.9186767032111447,
      "min_stab": 0.0
    },
    "foreground_percentiles": {
      "coh": 69,
      "ent": 6,
      "stab": null
    },
    "coverage": 0.018139367816091954,
    "triggers": {
      "min_sig_qgrams": 2,
      "max_ann_dist": 0.2
    }
  }
}