{
  "router": {
    "foreground": {
      "min_coh": 0.43593933744039715,
      "max_ent": 0.9193832344660898,
      "min_stab": 0.0
    },
    "foreground_percentiles": {
      "coh": 79,
      "ent": 9,
      "stab": null
    },
    "coverage": 0.022000718390804596,
    "triggers": {
      "min_sig_qgrams": 2,
      "max_ann_dist": 0.2
    }
  }
}