{
  "mode": "optimized",
  "coverage": 0.025592672413793104,
  "percentiles": {
    "coherence": {
      "P10": 0.41573620052377347,
      "P20": 0.4186048027166436,
      "P30": 0.4215021094295821,
      "P35": 0.4227210088431925,
      "P40": 0.42410367568221474,
      "P50": 0.4263891973137248,
      "P60": 0.4287795245646002,
      "P70": 0.43230737371701444,
      "P80": 0.436812543732799,
      "P90": 0.4501398016722451
    },
    "entropy": {
      "P10": 0.9195322272717154,
      "P20": 0.9208065256592537,
      "P30": 0.9216902538097332,
      "P35": 0.9221481378080413,
      "P40": 0.9225180250458336,
      "P50": 0.923277504778901,
      "P60": 0.9241585253367494,
      "P70": 0.9249811070203063,
      "P80": 0.9266302565654608,
      "P90": 0.9281476366025609
    },
    "stability": {
      "P10": 0.7460317313671112,
      "P20": 0.7472527325153351,
      "P30": 0.7479853332042694,
      "P40": 0.7487179338932037,
      "P50": 0.7494505345821381,
      "P60": 0.7501831501722336,
      "P70": 0.7509157508611679,
      "P80": 0.751892551779747,
      "P90": 0.7545787543058395
    }
  },
  "base": {
    "coverage": 0.019576149425287355,
    "percentiles": {
      "coherence": {
        "P10": 0.41573620052377347,
        "P20": 0.4186048027166436,
        "P30": 0.4215021094295821,
        "P35": 0.4227210088431925,
        "P40": 0.42410367568221474,
        "P50": 0.4263891973137248,
        "P60": 0.4287795245646002,
        "P70": 0.43230737371701444,
        "P80": 0.436812543732799,
        "P90": 0.4501398016722451
      },
      "entropy": {
        "P10": 0.9195322272717154,
        "P20": 0.9208065256592537,
        "P30": 0.9216902538097332,
        "P35": 0.9221481378080413,
        "P40": 0.9225180250458336,
        "P50": 0.923277504778901,
        "P60": 0.9241585253367494,
        "P70": 0.9249811070203063,
        "P80": 0.9266302565654608,
        "P90": 0.9281476366025609
      },
      "stability": {
        "P10": 0.7460317313671112,
        "P20": 0.7472527325153351,
        "P30": 0.7479853332042694,
        "P40": 0.7487179338932037,
        "P50": 0.7494505345821381,
        "P60": 0.7501831501722336,
        "P70": 0.7509157508611679,
        "P80": 0.751892551779747,
        "P90": 0.7545787543058395
      }
    },
    "summary": {
      "trace_count": 300,
      "total_windows": 5598,
      "total_alerts": 178,
      "coverage_weighted": 0.031797070382279385,
      "coverage_mean": 0.04794662309368192,
      "coverage_min": 0.0,
      "coverage_max": 0.2222222222222222,
      "lead_mean": 8.386666666666667,
      "lead_std": 3.9114127739402775,
      "lead_ci95": [
        7.76071025598889,
        9.012623077344443
      ],
      "lead_min": 3,
      "lead_max": 12,
      "lead_hits": 150,
      "p_value_mean": 0.8369771666666667,
      "p_value_std": 0.1819682211229047,
      "p_value_ci95": [
        0.8163855239826104,
        0.8575688093507229
      ],
      "p_value_median": 1.0,
      "p_value_min": 0.41375,
      "p_value_max": 1.0,
      "precision_mean": 1.0,
      "precision_std": 0.0,
      "precision_ci95": [
        1.0,
        1.0
      ]
    }
  },
  "metric": {
    "key": "p_value_min",
    "value": 0.2408,
    "threshold": 0.05
  },
  "optimization": {
    "mode": "optimized",
    "candidates": [
      {
        "label": "base",
        "target": 0.019576149425287355,
        "coverage": 0.031797070382279385,
        "coverage_observed": 0.019576149425287355,
        "p_metric": 0.41375,
        "lead_mean": 8.386666666666667,
        "fails_threshold": true,
        "config_path": "/sep/score/results/logistics_sweep_native/logistics_cov2000_ent99987_config.json",
        "summary_path": "/sep/score/results/logistics_sweep_native/logistics_cov2000_ent99987_config.permutation.json"
      },
      {
        "label": "candidate_1",
        "target": 0.009576,
        "coverage": 0.007681314755269739,
        "coverage_observed": 0.005657327586206897,
        "p_metric": 0.4978,
        "lead_mean": 4.651162790697675,
        "fails_threshold": true,
        "config_path": "/sep/score/results/logistics_sweep_native/logistics_cov2000_ent99987_config.opt1.json",
        "summary_path": "/sep/score/results/logistics_sweep_native/logistics_cov2000_ent99987_config.permutation_opt1.json"
      },
      {
        "label": "candidate_2",
        "target": 0.014576,
        "coverage": 0.006966773847802787,
        "coverage_observed": 0.010596264367816091,
        "p_metric": 0.64745,
        "lead_mean": 6.9743589743589745,
        "fails_threshold": true,
        "config_path": "/sep/score/results/logistics_sweep_native/logistics_cov2000_ent99987_config.opt2.json",
        "summary_path": "/sep/score/results/logistics_sweep_native/logistics_cov2000_ent99987_config.permutation_opt2.json"
      },
      {
        "label": "candidate_4",
        "target": 0.024576,
        "coverage": 0.012861736334405145,
        "coverage_observed": 0.02065373563218391,
        "p_metric": 0.2426,
        "lead_mean": 6.361111111111111,
        "fails_threshold": true,
        "config_path": "/sep/score/results/logistics_sweep_native/logistics_cov2000_ent99987_config.opt4.json",
        "summary_path": "/sep/score/results/logistics_sweep_native/logistics_cov2000_ent99987_config.permutation_opt4.json"
      },
      {
        "label": "candidate_5",
        "target": 0.029576,
        "coverage": 0.0285816362986781,
        "coverage_observed": 0.025592672413793104,
        "p_metric": 0.2408,
        "lead_mean": 6.957264957264957,
        "fails_threshold": true,
        "config_path": "/sep/score/results/logistics_sweep_native/logistics_cov2000_ent99987_config.opt5.json",
        "summary_path": "/sep/score/results/logistics_sweep_native/logistics_cov2000_ent99987_config.permutation_opt5.json"
      }
    ]
  },
  "pvalue_metric": "min",
  "pvalue_threshold": 0.05
}