{
  "mode": "optimized",
  "coverage": 0.018139367816091954,
  "percentiles": {
    "coherence": {
      "P10": 0.41573620052377347,
      "P20": 0.4186048027166436,
      "P30": 0.4215021094295821,
      "P35": 0.4227210088431925,
      "P40": 0.42410367568221474,
      "P50": 0.4263891973137248,
      "P60": 0.4287795245646002,
      "P70": 0.43230737371701444,
      "P80": 0.436812543732799,
      "P90": 0.4501398016722451
    },
    "entropy": {
      "P10": 0.9195322272717154,
      "P20": 0.9208065256592537,
      "P30": 0.9216902538097332,
      "P35": 0.9221481378080413,
      "P40": 0.9225180250458336,
      "P50": 0.923277504778901,
      "P60": 0.9241585253367494,
      "P70": 0.9249811070203063,
      "P80": 0.9266302565654608,
      "P90": 0.9281476366025609
    },
    "stability": {
      "P10": 0.7460317313671112,
      "P20": 0.7472527325153351,
      "P30": 0.7479853332042694,
      "P40": 0.7487179338932037,
      "P50": 0.7494505345821381,
      "P60": 0.7501831501722336,
      "P70": 0.7509157508611679,
      "P80": 0.751892551779747,
      "P90": 0.7545787543058395
    }
  },
  "base": {
    "coverage": 0.017061781609195404,
    "percentiles": {
      "coherence": {
        "P10": 0.41573620052377347,
        "P20": 0.4186048027166436,
        "P30": 0.4215021094295821,
        "P35": 0.4227210088431925,
        "P40": 0.42410367568221474,
        "P50": 0.4263891973137248,
        "P60": 0.4287795245646002,
        "P70": 0.43230737371701444,
        "P80": 0.436812543732799,
        "P90": 0.4501398016722451
      },
      "entropy": {
        "P10": 0.9195322272717154,
        "P20": 0.9208065256592537,
        "P30": 0.9216902538097332,
        "P35": 0.9221481378080413,
        "P40": 0.9225180250458336,
        "P50": 0.923277504778901,
        "P60": 0.9241585253367494,
        "P70": 0.9249811070203063,
        "P80": 0.9266302565654608,
        "P90": 0.9281476366025609
      },
      "stability": {
        "P10": 0.7460317313671112,
        "P20": 0.7472527325153351,
        "P30": 0.7479853332042694,
        "P40": 0.7487179338932037,
        "P50": 0.7494505345821381,
        "P60": 0.7501831501722336,
        "P70": 0.7509157508611679,
        "P80": 0.751892551779747,
        "P90": 0.7545787543058395
      }
    },
    "summary": {
      "trace_count": 300,
      "total_windows": 5598,
      "total_alerts": 72,
      "coverage_weighted": 0.012861736334405145,
      "coverage_mean": 0.01902188552188552,
      "coverage_min": 0.0,
      "coverage_max": 0.1111111111111111,
      "lead_mean": 6.361111111111111,
      "lead_std": 2.6340434057806976,
      "lead_ci95": [
        5.752678126083145,
        6.969544096139076
      ],
      "lead_min": 4,
      "lead_max": 12,
      "lead_hits": 72,
      "p_value_mean": 0.8851405,
      "p_value_std": 0.22160184327126148,
      "p_value_ci95": [
        0.8600638907623464,
        0.9102171092376536
      ],
      "p_value_median": 1.0,
      "p_value_min": 0.2426,
      "p_value_max": 1.0,
      "precision_mean": 1.0,
      "precision_std": 0.0,
      "precision_ci95": [
        1.0,
        1.0
      ]
    }
  },
  "metric": {
    "key": "p_value_min",
    "value": 0.2408,
    "threshold": 0.05
  },
  "optimization": {
    "mode": "optimized",
    "candidates": [
      {
        "label": "base",
        "target": 0.017061781609195404,
        "coverage": 0.012861736334405145,
        "coverage_observed": 0.017061781609195404,
        "p_metric": 0.2426,
        "lead_mean": 6.361111111111111,
        "fails_threshold": true,
        "config_path": "/sep/score/results/logistics_sweep_native/logistics_cov1750_ent99985_config.json",
        "summary_path": "/sep/score/results/logistics_sweep_native/logistics_cov1750_ent99985_config.permutation.json"
      },
      {
        "label": "candidate_1",
        "target": 0.007062,
        "coverage": 0.005001786352268668,
        "coverage_observed": 0.0031429597701149426,
        "p_metric": 0.6638,
        "lead_mean": 5,
        "fails_threshold": true,
        "config_path": "/sep/score/results/logistics_sweep_native/logistics_cov1750_ent99985_config.opt1.json",
        "summary_path": "/sep/score/results/logistics_sweep_native/logistics_cov1750_ent99985_config.permutation_opt1.json"
      },
      {
        "label": "candidate_2",
        "target": 0.012062,
        "coverage": 0.008217220435869954,
        "coverage_observed": 0.008081896551724138,
        "p_metric": 0.2426,
        "lead_mean": 5.782608695652174,
        "fails_threshold": true,
        "config_path": "/sep/score/results/logistics_sweep_native/logistics_cov1750_ent99985_config.opt2.json",
        "summary_path": "/sep/score/results/logistics_sweep_native/logistics_cov1750_ent99985_config.permutation_opt2.json"
      },
      {
        "label": "candidate_4",
        "target": 0.022062,
        "coverage": 0.025902107895677026,
        "coverage_observed": 0.018139367816091954,
        "p_metric": 0.2408,
        "lead_mean": 6.957264957264957,
        "fails_threshold": true,
        "config_path": "/sep/score/results/logistics_sweep_native/logistics_cov1750_ent99985_config.opt4.json",
        "summary_path": "/sep/score/results/logistics_sweep_native/logistics_cov1750_ent99985_config.permutation_opt4.json"
      },
      {
        "label": "candidate_5",
        "target": 0.027062,
        "coverage": 0.022150768131475526,
        "coverage_observed": 0.02307830459770115,
        "p_metric": 0.41375,
        "lead_mean": 8.708333333333334,
        "fails_threshold": true,
        "config_path": "/sep/score/results/logistics_sweep_native/logistics_cov1750_ent99985_config.opt5.json",
        "summary_path": "/sep/score/results/logistics_sweep_native/logistics_cov1750_ent99985_config.permutation_opt5.json"
      }
    ]
  },
  "pvalue_metric": "min",
  "pvalue_threshold": 0.05
}