{
  "mode": "optimized",
  "coverage": 0.008081896551724138,
  "percentiles": {
    "coherence": {
      "P10": 0.41573620052377347,
      "P20": 0.4186048027166436,
      "P30": 0.4215021094295821,
      "P35": 0.4227210088431925,
      "P40": 0.42410367568221474,
      "P50": 0.4263891973137248,
      "P60": 0.4287795245646002,
      "P70": 0.43230737371701444,
      "P80": 0.436812543732799,
      "P90": 0.4501398016722451
    },
    "entropy": {
      "P10": 0.9195322272717154,
      "P20": 0.9208065256592537,
      "P30": 0.9216902538097332,
      "P35": 0.9221481378080413,
      "P40": 0.9225180250458336,
      "P50": 0.923277504778901,
      "P60": 0.9241585253367494,
      "P70": 0.9249811070203063,
      "P80": 0.9266302565654608,
      "P90": 0.9281476366025609
    },
    "stability": {
      "P10": 0.7460317313671112,
      "P20": 0.7472527325153351,
      "P30": 0.7479853332042694,
      "P40": 0.7487179338932037,
      "P50": 0.7494505345821381,
      "P60": 0.7501831501722336,
      "P70": 0.7509157508611679,
      "P80": 0.751892551779747,
      "P90": 0.7545787543058395
    }
  },
  "base": {
    "coverage": 0.022000718390804596,
    "percentiles": {
      "coherence": {
        "P10": 0.41573620052377347,
        "P20": 0.4186048027166436,
        "P30": 0.4215021094295821,
        "P35": 0.4227210088431925,
        "P40": 0.42410367568221474,
        "P50": 0.4263891973137248,
        "P60": 0.4287795245646002,
        "P70": 0.43230737371701444,
        "P80": 0.436812543732799,
        "P90": 0.4501398016722451
      },
      "entropy": {
        "P10": 0.9195322272717154,
        "P20": 0.9208065256592537,
        "P30": 0.9216902538097332,
        "P35": 0.9221481378080413,
        "P40": 0.9225180250458336,
        "P50": 0.923277504778901,
        "P60": 0.9241585253367494,
        "P70": 0.9249811070203063,
        "P80": 0.9266302565654608,
        "P90": 0.9281476366025609
      },
      "stability": {
        "P10": 0.7460317313671112,
        "P20": 0.7472527325153351,
        "P30": 0.7479853332042694,
        "P40": 0.7487179338932037,
        "P50": 0.7494505345821381,
        "P60": 0.7501831501722336,
        "P70": 0.7509157508611679,
        "P80": 0.751892551779747,
        "P90": 0.7545787543058395
      }
    },
    "summary": {
      "trace_count": 300,
      "total_windows": 5598,
      "total_alerts": 196,
      "coverage_weighted": 0.035012504465880674,
      "coverage_mean": 0.04976480491186373,
      "coverage_min": 0.0,
      "coverage_max": 0.2222222222222222,
      "lead_mean": 8.238095238095237,
      "lead_std": 3.7195680890821863,
      "lead_ci95": [
        7.675632257868909,
        8.800558218321566
      ],
      "lead_min": 3,
      "lead_max": 12,
      "lead_hits": 168,
      "p_value_mean": 0.7915331666666666,
      "p_value_std": 0.22518524795070602,
      "p_value_ci95": [
        0.7660510570163795,
        0.8170152763169537
      ],
      "p_value_median": 0.76405,
      "p_value_min": 0.2426,
      "p_value_max": 1.0,
      "precision_mean": 1.0,
      "precision_std": 0.0,
      "precision_ci95": [
        1.0,
        1.0
      ]
    }
  },
  "metric": {
    "key": "p_value_min",
    "value": 0.2426,
    "threshold": 0.05
  },
  "optimization": {
    "mode": "optimized",
    "candidates": [
      {
        "label": "base",
        "target": 0.022000718390804596,
        "coverage": 0.035012504465880674,
        "coverage_observed": 0.022000718390804596,
        "p_metric": 0.2426,
        "lead_mean": 8.238095238095237,
        "fails_threshold": true,
        "config_path": "/sep/score/results/logistics_sweep_native/logistics_cov2250_ent99990_config.json",
        "summary_path": "/sep/score/results/logistics_sweep_native/logistics_cov2250_ent99990_config.permutation.json"
      },
      {
        "label": "candidate_1",
        "target": 0.012001,
        "coverage": 0.008217220435869954,
        "coverage_observed": 0.008081896551724138,
        "p_metric": 0.2426,
        "lead_mean": 5.782608695652174,
        "fails_threshold": true,
        "config_path": "/sep/score/results/logistics_sweep_native/logistics_cov2250_ent99990_config.opt1.json",
        "summary_path": "/sep/score/results/logistics_sweep_native/logistics_cov2250_ent99990_config.permutation_opt1.json"
      },
      {
        "label": "candidate_2",
        "target": 0.017001,
        "coverage": 0.008217220435869954,
        "coverage_observed": 0.013020833333333334,
        "p_metric": 0.2426,
        "lead_mean": 5.782608695652174,
        "fails_threshold": true,
        "config_path": "/sep/score/results/logistics_sweep_native/logistics_cov2250_ent99990_config.opt2.json",
        "summary_path": "/sep/score/results/logistics_sweep_native/logistics_cov2250_ent99990_config.permutation_opt2.json"
      },
      {
        "label": "candidate_4",
        "target": 0.027001,
        "coverage": 0.022150768131475526,
        "coverage_observed": 0.02307830459770115,
        "p_metric": 0.41375,
        "lead_mean": 8.708333333333334,
        "fails_threshold": true,
        "config_path": "/sep/score/results/logistics_sweep_native/logistics_cov2250_ent99990_config.opt4.json",
        "summary_path": "/sep/score/results/logistics_sweep_native/logistics_cov2250_ent99990_config.permutation_opt4.json"
      },
      {
        "label": "candidate_5",
        "target": 0.032001,
        "coverage": 0.015541264737406217,
        "coverage_observed": 0.028017241379310345,
        "p_metric": 0.2426,
        "lead_mean": 5.954022988505747,
        "fails_threshold": true,
        "config_path": "/sep/score/results/logistics_sweep_native/logistics_cov2250_ent99990_config.opt5.json",
        "summary_path": "/sep/score/results/logistics_sweep_native/logistics_cov2250_ent99990_config.permutation_opt5.json"
      }
    ]
  },
  "pvalue_metric": "min",
  "pvalue_threshold": 0.05
}