{
  "router": {
    "foreground": {
      "min_coh": 0.42537834495711024,
      "max_ent": 0.9184238441437479,
      "min_stab": 0.0
    },
    "foreground_percentiles": {
      "coh": 45,
      "ent": 5,
      "stab": null
    },
    "coverage": 0.02451508620689655,
    "triggers": {
      "min_sig_qgrams": 2,
      "max_ann_dist": 0.2
    }
  }
}