{
  "router": {
    "foreground": {
      "min_coh": 0.42652662221349935,
      "max_ent": 0.9186767032111447,
      "min_stab": 0.0
    },
    "foreground_percentiles": {
      "coh": 51,
      "ent": 6,
      "stab": null
    },
    "coverage": 0.025592672413793104,
    "triggers": {
      "min_sig_qgrams": 2,
      "max_ann_dist": 0.2
    }
  }
}