{
  "baseline": {
    "coverage_weighted": 0.001984126984126984,
    "lead_mean": 2,
    "p_value_min": 0.09075
  },
  "causal": {
    "coverage_weighted": 0.04040404040404041,
    "lead_mean": 5.290178571428571,
    "p_value_min": 0.05825
  },
  "deltas": {
    "coverage_weighted": 0.03841991341991342,
    "lead_mean": 3.290178571428571,
    "p_value_min": -0.032499999999999994
  }
}