{
  "router": {
    "foreground": {
      "min_coh": 0.004423150455061275,
      "max_ent": 0.9199225154465698,
      "min_stab": 0.0
    },
    "foreground_percentiles": {
      "coh": 98,
      "ent": 12,
      "stab": null
    },
    "coverage": 0.01812688821752266,
    "triggers": {
      "min_sig_qgrams": 2,
      "max_ann_dist": 0.2
    }
  }
}