{
  "router": {
    "foreground": {
      "min_coh": 0.0006612023280873069,
      "max_ent": 0.9982099520338839,
      "min_stab": 0.46751343429408887
    },
    "foreground_percentiles": {
      "coh": 45,
      "ent": 12,
      "stab": 45
    },
    "coverage": 0.015826228913477236,
    "triggers": {
      "min_sig_qgrams": 2,
      "max_ann_dist": 0.2
    }
  }
}