{
  "router": {
    "foreground": {
      "min_coh": 0.0006612023280873069,
      "max_ent": 0.9982794894411453,
      "min_stab": 0.4699560332193454
    },
    "foreground_percentiles": {
      "coh": 45,
      "ent": 14,
      "stab": 55
    },
    "coverage": 0.01478323961545438,
    "triggers": {
      "min_sig_qgrams": 2,
      "max_ann_dist": 0.2
    }
  }
}