{
  "router": {
    "foreground": {
      "min_coh": 0.0006612023280873069,
      "max_ent": 0.9986064918040909,
      "min_stab": 0.4782608695652174
    },
    "foreground_percentiles": {
      "coh": 45,
      "ent": 30,
      "stab": 85
    },
    "coverage": 0.0043533466352258295,
    "triggers": {
      "min_sig_qgrams": 2,
      "max_ann_dist": 0.2
    }
  }
}