{
  "router": {
    "foreground": {
      "min_coh": 0.0006612023280873069,
      "max_ent": 0.9976039868506734,
      "min_stab": 0.46751343429408887
    },
    "foreground_percentiles": {
      "coh": 45,
      "ent": 1,
      "stab": 45
    },
    "coverage": 0.0011336840195900599,
    "triggers": {
      "min_sig_qgrams": 2,
      "max_ann_dist": 0.2
    }
  }
}