{
  "router": {
    "foreground": {
      "min_coh": 0.0021968632608302843,
      "max_ent": 0.9851625067864219,
      "min_stab": 0.49084012121913
    },
    "foreground_percentiles": {
      "coh": 85,
      "ent": 26,
      "stab": 45
    },
    "coverage": 0.01800290223109015,
    "triggers": {
      "min_sig_qgrams": 2,
      "max_ann_dist": 0.2
    }
  }
}