{
  "router": {
    "foreground": {
      "min_coh": 0.0006612023280873069,
      "max_ent": 0.9984798272848455,
      "min_stab": 0.4714215925744992
    },
    "foreground_percentiles": {
      "coh": 45,
      "ent": 24,
      "stab": 60
    },
    "coverage": 0.022265554144748775,
    "triggers": {
      "min_sig_qgrams": 2,
      "max_ann_dist": 0.2
    }
  }
}