{
  "pearson_r": -0.22962474437763217,
  "pearson_p": 3.570771161341171e-133,
  "spearman_rho": -0.2802440176987301,
  "spearman_p": 4.784666201880562e-200,
  "hazard_threshold": 0.25054946541786194
}