{
  "pearson_r": 0.05740630175003804,
  "pearson_p": 2.9134814943518778e-05,
  "spearman_rho": 0.017428822173453883,
  "spearman_p": 0.2047424517360164,
  "hazard_threshold": 0.525647288715193
}