{
  "router": {
    "foreground": {
      "min_coh": 0.008151217322278637,
      "max_ent": 0.9925823505758384,
      "min_stab": 0.46714686851422293
    },
    "triggers": {
      "min_sig_qgrams": 2,
      "max_ann_dist": 0.2
    }
  }
}