{
  "router": {
    "foreground": {
      "min_coh": 0.0067086262400617895,
      "max_ent": 0.9932913737599383,
      "min_stab": 0.46429007447198145
    },
    "foreground_percentiles": {
      "coh": 55,
      "ent": 45,
      "stab": 45
    },
    "coverage": 0.05367965367965368,
    "triggers": {
      "min_sig_qgrams": 2,
      "max_ann_dist": 0.2
    }
  }
}