{
  "router": {
    "foreground": {
      "min_coh": 0.00864668978298988,
      "max_ent": 0.9915073293906544,
      "min_stab": 0.4630692223171774
    },
    "foreground_percentiles": {
      "coh": 70,
      "ent": 35,
      "stab": 45
    },
    "coverage": 0.059057353776263484,
    "triggers": {
      "min_sig_qgrams": 2,
      "max_ann_dist": 0.2
    }
  }
}