{
  "router": {
    "foreground": {
      "min_coh": 0.007743452151248609,
      "max_ent": 0.9922565478487514,
      "min_stab": 0.4653888414113051
    },
    "foreground_percentiles": {
      "coh": 60,
      "ent": 40,
      "stab": 50
    },
    "coverage": 0.056685150955021565,
    "triggers": {
      "min_sig_qgrams": 2,
      "max_ann_dist": 0.2
    }
  }
}