{
  "router": {
    "foreground": {
      "min_coh": 0.003953454109405529,
      "max_ent": 0.926111404551275,
      "min_stab": 0.5884870472346853
    },
    "foreground_percentiles": {
      "coh": 96,
      "ent": 7,
      "stab": 45
    },
    "coverage": 0.015861027190332326,
    "triggers": {
      "min_sig_qgrams": 2,
      "max_ann_dist": 0.2
    }
  }
}