{
  "router": {
    "foreground": {
      "min_coh": 0.0040017885018466814,
      "max_ent": 0.926111404551275,
      "min_stab": 0.59225703386346
    },
    "foreground_percentiles": {
      "coh": 97,
      "ent": 7,
      "stab": 60
    },
    "coverage": 0.005853474320241692,
    "triggers": {
      "min_sig_qgrams": 2,
      "max_ann_dist": 0.2
    }
  }
}