{
  "mode": "optimized",
  "coverage": 0.0018882175226586104,
  "percentiles": {
    "coherence": {
      "P10": 8.316406668516948e-05,
      "P20": 0.00010400756758425329,
      "P30": 0.00010472567018867242,
      "P35": 0.00010503350057712986,
      "P40": 0.00012781547002538318,
      "P50": 0.0002980488504494207,
      "P60": 0.0022326004262366844,
      "P70": 0.002513220904566276,
      "P80": 0.0031200729512889077,
      "P90": 0.0038238278337507157
    },
    "entropy": {
      "P10": 0.9262307915984473,
      "P20": 0.9869680682075678,
      "P30": 0.9877154534347502,
      "P35": 1.0,
      "P40": 1.0,
      "P50": 1.0,
      "P60": 1.0,
      "P70": 1.0,
      "P80": 1.0,
      "P90": 1.0
    },
    "stability": {
      "P10": 0.5236128302427165,
      "P20": 0.5825629312191626,
      "P30": 0.5857939520387072,
      "P40": 0.5874097346801295,
      "P50": 0.5895647200378112,
      "P60": 0.59225703386346,
      "P70": 0.594409258585668,
      "P80": 0.5971034975483674,
      "P90": 0.6000598859727089
    }
  },
  "base": {
    "coverage": 0.015861027190332326,
    "percentiles": {
      "coherence": {
        "P10": 8.316406668516948e-05,
        "P20": 0.00010400756758425329,
        "P30": 0.00010472567018867242,
        "P35": 0.00010503350057712986,
        "P40": 0.00012781547002538318,
        "P50": 0.0002980488504494207,
        "P60": 0.0022326004262366844,
        "P70": 0.002513220904566276,
        "P80": 0.0031200729512889077,
        "P90": 0.0038238278337507157
      },
      "entropy": {
        "P10": 0.9262307915984473,
        "P20": 0.9869680682075678,
        "P30": 0.9877154534347502,
        "P35": 1.0,
        "P40": 1.0,
        "P50": 1.0,
        "P60": 1.0,
        "P70": 1.0,
        "P80": 1.0,
        "P90": 1.0
      },
      "stability": {
        "P10": 0.5236128302427165,
        "P20": 0.5825629312191626,
        "P30": 0.5857939520387072,
        "P40": 0.5874097346801295,
        "P50": 0.5895647200378112,
        "P60": 0.59225703386346,
        "P70": 0.594409258585668,
        "P80": 0.5971034975483674,
        "P90": 0.6000598859727089
      }
    },
    "summary": {
      "trace_count": 100,
      "total_windows": 1816,
      "total_alerts": 0,
      "coverage_weighted": 0.0,
      "coverage_mean": 0.0,
      "coverage_min": 0.0,
      "coverage_max": 0.0,
      "lead_mean": null,
      "lead_std": null,
      "lead_ci95": null,
      "lead_min": null,
      "lead_max": null,
      "lead_hits": 0,
      "p_value_mean": 1.0,
      "p_value_std": 0.0,
      "p_value_ci95": [
        1.0,
        1.0
      ],
      "p_value_median": 1.0,
      "p_value_min": 1.0,
      "p_value_max": 1.0,
      "precision_mean": null,
      "precision_std": null,
      "precision_ci95": null
    }
  },
  "metric": {
    "key": "p_value_min",
    "value": 1.0,
    "threshold": 0.05
  },
  "optimization": {
    "mode": "optimized",
    "candidates": [
      {
        "label": "base",
        "target": 0.015861027190332326,
        "coverage": 0.0,
        "coverage_observed": 0.015861027190332326,
        "p_metric": 1.0,
        "lead_mean": null,
        "fails_threshold": true,
        "config_path": "/sep/score/results/logistics_enriched/logistics_cov1600_ent99990_config.json",
        "summary_path": "/sep/score/results/logistics_enriched/logistics_cov1600_ent99990_config.permutation.json"
      },
      {
        "label": "candidate_1",
        "target": 0.005861,
        "coverage": 0.0,
        "coverage_observed": 0.0018882175226586104,
        "p_metric": 1.0,
        "lead_mean": null,
        "fails_threshold": true,
        "config_path": "/sep/score/results/logistics_enriched/logistics_cov1600_ent99990_config.opt1.json",
        "summary_path": "/sep/score/results/logistics_enriched/logistics_cov1600_ent99990_config.permutation_opt1.json"
      },
      {
        "label": "candidate_2",
        "target": 0.010861,
        "coverage": 0.0,
        "coverage_observed": 0.006986404833836858,
        "p_metric": 1.0,
        "lead_mean": null,
        "fails_threshold": true,
        "config_path": "/sep/score/results/logistics_enriched/logistics_cov1600_ent99990_config.opt2.json",
        "summary_path": "/sep/score/results/logistics_enriched/logistics_cov1600_ent99990_config.permutation_opt2.json"
      },
      {
        "label": "candidate_4",
        "target": 0.020861,
        "coverage": 0.0,
        "coverage_observed": 0.016993957703927493,
        "p_metric": 1.0,
        "lead_mean": null,
        "fails_threshold": true,
        "config_path": "/sep/score/results/logistics_enriched/logistics_cov1600_ent99990_config.opt4.json",
        "summary_path": "/sep/score/results/logistics_enriched/logistics_cov1600_ent99990_config.permutation_opt4.json"
      },
      {
        "label": "candidate_5",
        "target": 0.025861,
        "coverage": 0.0,
        "coverage_observed": 0.02190332326283988,
        "p_metric": 1.0,
        "lead_mean": null,
        "fails_threshold": true,
        "config_path": "/sep/score/results/logistics_enriched/logistics_cov1600_ent99990_config.opt5.json",
        "summary_path": "/sep/score/results/logistics_enriched/logistics_cov1600_ent99990_config.permutation_opt5.json"
      }
    ]
  },
  "pvalue_metric": "min",
  "pvalue_threshold": 0.05
}