{
  "router": {
    "foreground": {
      "min_coh": 0.004117407320338726,
      "max_ent": 0.9259778585502482,
      "min_stab": 0.5911792046651407
    },
    "foreground_percentiles": {
      "coh": 99,
      "ent": 4,
      "stab": 55
    },
    "coverage": 0.0018882175226586104,
    "triggers": {
      "min_sig_qgrams": 2,
      "max_ann_dist": 0.2
    }
  }
}