{
  "router": {
    "foreground": {
      "min_coh": 0.004045637989824047,
      "max_ent": 0.9260421151594602,
      "min_stab": 0.5895647200378112
    },
    "foreground_percentiles": {
      "coh": 98,
      "ent": 5,
      "stab": 50
    },
    "coverage": 0.007741691842900302,
    "triggers": {
      "min_sig_qgrams": 2,
      "max_ann_dist": 0.2
    }
  }
}