{
  "router": {
    "foreground": {
      "min_coh": 0.004117407320338726,
      "max_ent": 0.9258895016738946,
      "min_stab": 0.5884870472346853
    },
    "foreground_percentiles": {
      "coh": 99,
      "ent": 3,
      "stab": 45
    },
    "coverage": 0.0037764350453172208,
    "triggers": {
      "min_sig_qgrams": 2,
      "max_ann_dist": 0.2
    }
  }
}