{
  "router": {
    "foreground": {
      "min_coh": 0.003953454109405529,
      "max_ent": 0.9262868956235494,
      "min_stab": 0.5895647200378112
    },
    "foreground_percentiles": {
      "coh": 96,
      "ent": 12,
      "stab": 50
    },
    "coverage": 0.021714501510574018,
    "triggers": {
      "min_sig_qgrams": 2,
      "max_ann_dist": 0.2
    }
  }
}